2018-11-07 06:47:36,"b'We are LOVING the @united lounge at @flyLAXairport - great artwork, awesome bar tenders, flavored water and delicio\xe2\x80\xa6 https://t.co/jRH6HmJbTJ'"
2018-11-07 06:38:28,"b'Some of the delightful amenities in the @united lounge at @flylaxairport ! We love the flavored waters, the bar sel\xe2\x80\xa6 https://t.co/tgp4nI9Q7I'"
2018-11-07 02:37:21,b'RT @treasurotica: #Vintage #UnitedAirlines #Stewardess #FlightAttendant Black #Leather Bag  https://t.co/dFkarL7wya #United #purse #purses\xe2\x80\xa6'
2018-11-07 02:00:25,b'Let\xe2\x80\x99s go!! On my way to L.A.!!! On set tomorrow \xf0\x9f\x98\x8e\xf0\x9f\x99\x8c\xf0\x9f\x8f\xbc\xf0\x9f\x8e\xa5\xf0\x9f\x93\xba\xe2\x9c\x88\xef\xb8\x8f\n\xe2\x80\xa2\n\xe2\x80\xa2\n\xe2\x80\xa2\n#actorslife #setlife #newbeginningsentertainment\xe2\x80\xa6 https://t.co/19qHSCS1pP'
2018-11-07 00:41:44,b'When your airplane is stopped on the runway #UnitedAirlines https://t.co/NrAcqQFHmp'
2018-11-07 00:18:46,"b'Earn 40,000 bonus miles with the United Explorer Card. I can be rewarded too, learn more. #travel #creditcard\xe2\x80\xa6 https://t.co/SWmzlkBdnc'"
2018-11-06 23:13:04,"b'Flying @united 40 min late departing (already boarded) then ""It will be another 55 minutes until we depart"" tires i\xe2\x80\xa6 https://t.co/lvWMrvZoMf'"
2018-11-06 23:02:30,"b'If you are from NJ and know someone named Patricia Atkins, please tell her that openly screaming at #UnitedAirlines\xe2\x80\xa6 https://t.co/EzusgvlJ27'"
2018-11-06 22:55:54,b'Checked in before my #Oahu #Hawaii flight with @united &amp; noticed the first item prohibited on the plane is #paint ?\xe2\x80\xa6 https://t.co/Q4mkzEc4Kh'
2018-11-06 22:17:01,"b'See how  Oscar Munoz, United Airlines CEO and LDC Board Member, stresses the importance of voting.\xe2\x80\xa6 https://t.co/TQ9L6Y7QOX'"
2018-11-06 22:14:13,"b'@portlandjetport Can someone please order pizza, wings and lobster rolls and deliver to Gate 3 #poweroutage #portlandme #unitedAIRLINES'"
2018-11-06 22:09:10,b'#UnitedAirlines #help My husband was on flight 867 on 11/3 in 6L. He left a purple moleskin #Notebook written over\xe2\x80\xa6 https://t.co/dcjvtWnTl0'
2018-11-06 22:01:45,"b""Can't believe united airlines charges to have a second small carry on like a laptop case on economy.  This is so se\xe2\x80\xa6 https://t.co/x0Dij9v3U3"""
2018-11-06 21:53:30,b'FIRST 787-10 Series from Boeing being delivered to United Airlines\n\nFlight UA2712 from Charleston to Washington\xe2\x80\xa6 https://t.co/HCLW2MvLyP'
2018-11-06 21:17:20,"b""Reasons I will not fly @united again.\n1. Paying for a check-in luggage regardless of it's weight.\n2. Customer servi\xe2\x80\xa6 https://t.co/sptYIGATFT"""
2018-11-06 20:58:11,b'I have been sitting at the Houston George Bush Intercontinental airport for the past 5.5 hours (had to come early b\xe2\x80\xa6 https://t.co/mLERujsfwf'
2018-11-06 19:53:19,b'God I love flying #unitedairlines #chicagobound @ Charlotte Douglas International Airport https://t.co/bNQ3N1LLtw'
2018-11-06 19:17:07,b'First time passenger on United Airlines this week. Thanks @united for awesome flights. About to board the last leg.\xe2\x80\xa6 https://t.co/bNDCQCe58T'
2018-11-06 17:46:26,b'RT @KYLORENNYY: It\xe2\x80\x99s 7:16 and my flight leaves at 8:00.. I\xe2\x80\x99m still checking in! They\xe2\x80\x99re saying my rabbbit isn\xe2\x80\x99t going on?? Even though I ha\xe2\x80\xa6'
2018-11-06 16:55:17,"b""Annoying that pulling away from the gate is 'leaving on time' now we sit on the tarmac. #unitedairlines playing the game"""
2018-11-06 15:29:17,b'RT @AviationTribune: United Airlines Takes Delivery of Its First Boeing 787-10 #UnitedAirlines https://t.co/9IPoK5GDo7 https://t.co/IVicV0T\xe2\x80\xa6'
2018-11-06 15:23:09,b'RT @AviationTribune: United Airlines Takes Delivery of Its First Boeing 787-10 #UnitedAirlines https://t.co/9IPoK5GDo7 https://t.co/IVicV0T\xe2\x80\xa6'
2018-11-06 15:12:17,b'United Airlines Takes Delivery of Its First Boeing 787-10 #UnitedAirlines https://t.co/9IPoK5GDo7 https://t.co/IVicV0TvJC'
2018-11-06 14:34:09,b'RT @JaspreetUnited: Extremely excited for the 787-10 delivery &amp; also can\xe2\x80\x99t wait to see the new seatback IFE system flying in front of passe\xe2\x80\xa6'
2018-11-06 13:45:41,b'RT @VexVox: #unitedairlines when the guitar got broke the share price fell by 10% compared to 4% for passenger assault. #twang'
2018-11-06 13:19:55,"b""I'll be flying most of today. Hopefully there will be good news before I go to bed tonight in #MO. #UnitedAirlines\xe2\x80\xa6 https://t.co/IMrZzjx2Bb"""
2018-11-06 12:17:57,b'It\xe2\x80\x99s 7:16 and my flight leaves at 8:00.. I\xe2\x80\x99m still checking in! They\xe2\x80\x99re saying my rabbbit isn\xe2\x80\x99t going on?? Even tho\xe2\x80\xa6 https://t.co/mWTJlbW6C7'
2018-11-06 11:15:16,"b'Dear #unitedairlines, pray tell, how are both one\xe2\x80\x99s feet supposed to fit on this tiny ass \xe2\x80\x9cottoman\xe2\x80\x9d? @ Newark Liber\xe2\x80\xa6 https://t.co/Cz8nZTzCIw'"
2018-11-06 05:28:07,b'Fun night bowling with 49er players and my daughter meeting Ian Williams\n#49ersfoundation #49ers #UnitedAirlines\xe2\x80\xa6 https://t.co/aP6hQyFTzw'
2018-11-06 05:04:36,"b""@FlyMe2Disney Don't be another #UnitedAirlines. Treat your customers with respect or, at least, common courtesy\n#delta @delta"""
2018-11-06 04:50:08,b'United Club am Flughafen Seattle https://t.co/zu2YFvwwBW #sea #unitedairlines #unitedclub'
2018-11-06 04:20:10,"b'Annual donation of the Ben Flyin Adventure Bears to Sky Ridge Medical Center, Pediatrics ED~\n#BenFlyin #DENSOC\xe2\x80\xa6 https://t.co/1S6dmsiGQ9'"
2018-11-06 03:56:47,"b'RT @UnitedFlyerHD: United Express ERJ-145 (N13908, opb ExpressJet) lining up on Houston IAH 33L, with an American A321 waiting behind \n#AvG\xe2\x80\xa6'"
2018-11-06 03:02:19,b'Welcome to St. Kitts! ..our new billboards are up \xf0\x9f\x8c\xb4\xf0\x9f\x98\x81 \xf0\x9f\xa5\xa5 Proud to have this island as our partner &amp; now 2 billboards\xe2\x80\xa6 https://t.co/N9z6MX37ym'
2018-11-06 03:01:26,b'@UnitedAirHelp really do not understand how the plane is half full and I am unable to move seats. Take notes from D\xe2\x80\xa6 https://t.co/DnmHWq03Wh'
2018-11-06 00:57:30,b'Is it ever possible for #unitedairlines to perform maintenance prior to passengers boarding their airplanes?'
2018-11-06 00:53:37,b'Trying to catch a flight out of Newark via @united this evening and am astonished by United\xe2\x80\x99s poor service - delays\xe2\x80\xa6 https://t.co/aTf3XedNkt'
2018-11-05 20:56:40,b'RT @JaspreetUnited: Extremely excited for the 787-10 delivery &amp; also can\xe2\x80\x99t wait to see the new seatback IFE system flying in front of passe\xe2\x80\xa6'
2018-11-05 20:56:15,b'Extremely excited for the 787-10 delivery &amp; also can\xe2\x80\x99t wait to see the new seatback IFE system flying in front of p\xe2\x80\xa6 https://t.co/gvv5a0GyKG'
2018-11-05 20:08:14,"b'HAV to HOU 24 hour flight cancel, exhausting with no lunch or water! Very poor communication. I got 1/4 price compe\xe2\x80\xa6 https://t.co/j3loIqJnM3'"
2018-11-05 19:48:20,b'Monday Funday #workadventures #boston #beantown #unitedairlines https://t.co/QME5I1wJo2'
2018-11-05 18:53:43,b'So #unitedairlines charges you for your check-in bags(regardless of weight) now...okay definitely not flying with t\xe2\x80\xa6 https://t.co/S9ViQ0p77y'
2018-11-05 18:34:54,b'Finally I understand how they make reality tv out of airports - 11 hr delay because \xe2\x80\x9csomeone forgot to charge the a\xe2\x80\xa6 https://t.co/9PJWZPOo9e'
2018-11-05 17:25:42,b'Once again delayed flying  #UnitedAirlines. Can understand weather issues but mechanical problems AGAIN!  Sitting a\xe2\x80\xa6 https://t.co/yYDnVk8Jpk'
2018-11-05 17:05:28,b'RT @kingkevin: Thank you @united for a safe and wonderful first flight for our 2 month old traveler!  An amazing flight crew On UA642 today\xe2\x80\xa6'
2018-11-05 16:53:15,b'Argh. Mechanical plane issues. Disembarked and waiting on landing gear computer replacement. Kind of need that.. #ifly #UnitedAirlines'
2018-11-05 16:00:06,b'RT @kingkevin: Thank you @united for a safe and wonderful first flight for our 2 month old traveler!  An amazing flight crew On UA642 today\xe2\x80\xa6'
2018-11-05 15:53:43,b'RT @kingkevin: Thank you @united for a safe and wonderful first flight for our 2 month old traveler!  An amazing flight crew On UA642 today\xe2\x80\xa6'
2018-11-05 15:52:17,b'RT @kingkevin: Thank you @united for a safe and wonderful first flight for our 2 month old traveler!  An amazing flight crew On UA642 today\xe2\x80\xa6'
2018-11-05 15:50:20,b'RT @kingkevin: Thank you @united for a safe and wonderful first flight for our 2 month old traveler!  An amazing flight crew On UA642 today\xe2\x80\xa6'
2018-11-05 15:37:06,"b'Best part about #unitedairlines is their lounge. Where for a measly $50, this homeless looking football hooligan ca\xe2\x80\xa6 https://t.co/z5nSQUI5a8'"
2018-11-05 15:32:23,"b'How\xe2\x80\x99s the air quality on your flights, @united? #gross #mold #dirty #nasty #unitedairlines Please @Delta  start fly\xe2\x80\xa6 https://t.co/sRc0c4RmBo'"
2018-11-05 15:18:09,b'#UnitedAirlines first class is reduced to #Spiritair big front seat! Wasn\xe2\x80\x99t even offered a glass of water before take off! #neveragain'
2018-11-05 14:54:31,b'Thanks #United #UnitedAirlines #TCSNYCMarathon https://t.co/I2l9xjpIe1'
2018-11-05 13:44:40,b'Is it just me or does it seem like now everybody is group 1 on United? #unitedairlines @thepointsguy #group0 #groupA #groupAA'
2018-11-05 13:41:43,b'Ready to take off \xf0\x9f\x98\x8c \xf0\x9f\x9b\xab @united  #UnitedAirlines #CDMX #USA https://t.co/9tNXXGfETd'
2018-11-05 13:29:57,b'Whole row baby!!!\n#unitedairlines # https://t.co/vSPPByTfIr'
2018-11-05 13:02:07,"b'Was able to get an earlier flight home from D.C. - middle row, waaay back.  However, it beats waiting around anothe\xe2\x80\xa6 https://t.co/yBjzGszJXz'"
2018-11-05 12:41:37,b'European Investor\xe2\x80\x99s notes from a road trip to California #underarmour #Tesla #alamo #unitedairlines #ElonMusk\xe2\x80\xa6 https://t.co/pocYokixK5'
2018-11-05 12:38:24,"b'#UnitedAirlines has the worst customer service! My god, never flying with them again'"
2018-11-05 06:04:59,b'RT @ben_kearney: Zach Werenski - the new face of United Airlines. @UnitedAirlines #UnitedAirlines #CBJ #NHL #StanleyCup https://t.co/fswuAH\xe2\x80\xa6'
2018-11-05 03:19:27,b'Welcome Aboard!\xe2\x9c\x88\xef\xb8\x8f\xe2\x9c\x88\xef\xb8\x8f #unitedairlines #flythefriendlyskies #CSA #lovemyjob https://t.co/IzKP9L4qsg'
2018-11-05 03:10:56,"b""RT @skootchy114: U would think the fact the airplane sat at the gate for 2 hours waiting for a crew there wouldn't be a maintenance issue.\xe2\x80\xa6"""
2018-11-05 03:10:40,b'RT @LKokoczka: Not flying #unitedairlines ever again. Told me yesterday is would only be a $75 fee to change my flight to Sunday as long as\xe2\x80\xa6'
2018-11-05 03:10:15,b'RT @KVilseck: How do you lose the pilots to the flight they are supposed to be at 2 hours ago? Just #unitedairlines things.'
2018-11-05 03:10:11,b'RT @sliorco: I was asked to try and reach out to their customer care myself instead of #unitedairlines do it themselves. like its not enoug\xe2\x80\xa6'
2018-11-05 03:10:03,"b'RT @skootchy114: 2 hour delay turns into worse. Deplaned, no status on potential fix for maintenance issue, not even a voucher for food whi\xe2\x80\xa6'"
2018-11-05 03:09:24,b'RT @StedronCurt: #UnitedAirlines so we wait 2 hours for the plane to show up. It does. Then there is no pilot? Cmon. You had 2 hours!!!'
2018-11-05 03:09:13,b'RT @moriartyj: @jolim24601 They said all the hotels are booked and left us to fend for ourselves. Rebooked us on a flight back with 3 legs\xe2\x80\xa6'
2018-11-05 03:08:27,b'RT @kkayyppee: MY THIRD DAY WITHOUT MY LUGGAGE; IT IS NOW THE AFTERNOON &amp; #UNITEDAIRLINES HAS YET TO RESOLVE THE ISSUE.'
2018-11-05 03:07:51,"b""RT @kaleytodd: @united @united unbelievable you don't have any agents helping to rebook and your representative on the phone said to talk t\xe2\x80\xa6"""
2018-11-05 03:07:44,b'RT @kkayyppee: #UnitedAirlines \xe2\x80\x94 what\xe2\x80\x99s the status on my luggage!?'
2018-11-05 03:07:09,b'RT @fairytalewish: @united Flight 6254 from Cincinnati is 5 hours late due to mechanical issue and now no flight attendant! Why are passeng\xe2\x80\xa6'
2018-11-05 02:40:08,b'Who at #unitedairlines can give me the number to call for dealing with about 10 issues I had with my flight and bag\xe2\x80\xa6 https://t.co/5URXLtLWMg'
2018-11-05 02:39:02,b'@united Flight 6254 from Cincinnati is 5 hours late due to mechanical issue and now no flight attendant! Why are pa\xe2\x80\xa6 https://t.co/s2pD0tPgi1'
2018-11-05 01:44:03,b'@JohnLegere flew #UnitedAirlines for the first time and they didn\xe2\x80\x99t have @TMobile GOGO!! Last time I fly with them\xe2\x80\xa6 https://t.co/EMSiBSxVEf'
2018-11-05 01:27:33,"b'RT @UnitedFlyerHD: United Express ERJ-145 (N13908, opb ExpressJet) lining up on Houston IAH 33L, with an American A321 waiting behind \n#AvG\xe2\x80\xa6'"
2018-11-05 01:24:00,b'Crossing the terminator into night. #inflight #boeing757 #unitedairlines #travel #airtravel #nofilter #sunset\xe2\x80\xa6 https://t.co/b5Pr4Z8yXc'
2018-11-05 01:11:58,b'Cute little Pizzeria Uno Deep Dish Pizza and some Labour\xc3\xa9-Roi Chardonnay #pizzeriauno #laboureroi #chardonnay\xe2\x80\xa6 https://t.co/rUL2bjbqyA'
2018-11-05 00:50:55,"b'RT @UnitedFlyerHD: United Express ERJ-145 (N13908, opb ExpressJet) lining up on Houston IAH 33L, with an American A321 waiting behind \n#AvG\xe2\x80\xa6'"
2018-11-05 00:16:45,b'Loving the Classified restaurant @EWRairport! Thanks for the invite @united! #unitedairlines #friendlyskies\xe2\x80\xa6 https://t.co/YpVTzBkKKf'
2018-11-05 00:07:53,"b'Bye bye beautiful Los Angeles, til next time... #losangeles #unitedairlines #businesstravel #lax #airport #boeing757 https://t.co/W0wvZ1enW5'"
2018-11-04 22:10:00,b'United is in the house volunteering for the hydration station at the NYC Marathon! #WeAreUnited #United2winNYC\xe2\x80\xa6 https://t.co/cQ37JuWfic'
2018-11-04 21:12:56,b'Walking up 103 floors?  Why not?#skyrise #shirleylab #unitedairlines #teamunited @weareunited @MikeHannaUAL\xe2\x80\xa6 https://t.co/NBloT461I4'
2018-11-04 19:51:58,b'RT @davidhenze01: #UnitedAirlines kudos to the Salt Lake City counter crew. The made the best out of a bad situation.'
2018-11-04 19:31:38,"b'RT @UnitedFlyerHD: United Express ERJ-145 (N13908, opb ExpressJet) lining up on Houston IAH 33L, with an American A321 waiting behind \n#AvG\xe2\x80\xa6'"
2018-11-04 19:31:08,"b'United Express ERJ-145 (N13908, opb ExpressJet) lining up on Houston IAH 33L, with an American A321 waiting behind\xe2\x80\xa6 https://t.co/O2gacwK8cJ'"
2018-11-04 18:48:58,b'That time when you are on a plane &amp; they just announce there\xe2\x80\x99s currently no pilot \xf0\x9f\x91\xa8\xe2\x80\x8d\xe2\x9c\x88\xef\xb8\x8f\xe2\x9c\x88\xef\xb8\x8f#youhadonejob #unitedairlines #stuckontherunway'
2018-11-04 18:13:26,b'A slightly different perspective.\n\n#america #heartland #panorama #photography #infrared #ir #infraredphotography\xe2\x80\xa6 https://t.co/2UXf8uJkBr'
2018-11-04 18:04:00,"b""@united @united unbelievable you don't have any agents helping to rebook and your representative on the phone said\xe2\x80\xa6 https://t.co/4aYFBMJ1EG"""
2018-11-04 17:37:43,b'@united diverted to Dayton Ohio because heater in pilots window not working.  Really?  Time to spare fly by air. No\xe2\x80\xa6 https://t.co/l0aNVjjDF5'
2018-11-04 16:55:17,b'Almost a five hour \xe2\x80\x99smooth\xe2\x80\x99 flight \xe2\x9c\x88\xef\xb8\x8f  from Puerto Rico. Arriving in Houston #unitedairlines #chipandchuck @ Housto\xe2\x80\xa6 https://t.co/DKIAC1RS3T'
2018-11-04 16:46:30,"b""Thank you #unitedAIRLINES for changing the brake pads on this plane. It's important to be able to slow the plane do\xe2\x80\xa6 https://t.co/UShpCQLacS"""
2018-11-04 16:07:30,b'RT @etravelmail: United Airlines launches new Boeing 777-300ER on Mumbai-New York/Newark route\nhttps://t.co/yaSs0SNBeu\n@united \n#unitedairl\xe2\x80\xa6'
2018-11-04 14:31:03,b'Fall flying with the friendly skies... #unitedAIRLINES @united  take care of me today! https://t.co/caFpygS6aX'
2018-11-04 14:03:51,b'Bittersweet #airportselfie. It\xe2\x80\x99s my last flight on #unitedairlines from #sandiego before #Nashville becomes home ba\xe2\x80\xa6 https://t.co/JOMVN7RxP6'
2018-11-04 14:03:22,b'Bittersweet #airportselfie. It\xe2\x80\x99s my last flight on #unitedairlines from #sandiego before #Nashville becomes home ba\xe2\x80\xa6 https://t.co/2RoLabDpj9'
2018-11-04 13:38:00,b'Burayidi Weekly News: Baggage Handler\xf0\x9f\x9b\xaband Hydroponic Farm\xf0\x9f\x8c\xbe\n\n#burayidiweeklynews #fakenews #cnn #nbc #cbs #abc\xe2\x80\xa6 https://t.co/c6S9Q4nckK'
2018-11-04 11:53:36,b'RT @msomeha: Another bad day by #UnitedAirlines and it\xe2\x80\x99s my wedding week. 4 hours delay with no compensation. No special assistance even if\xe2\x80\xa6'
2018-11-04 11:52:39,"b'RT @anniesalonen: This is #UnitedAirlines customer service. Flight was cancelled AFTER 3 delays, bc the flight crew didn\xe2\x80\x99t know they were g\xe2\x80\xa6'"
2018-11-04 11:52:31,"b'RT @thejenhardy: A #disabled woman was forgotten, then abandoned by #UnitedAirlines staff at closing time last night.  \nAnd that woman was\xe2\x80\xa6'"
2018-11-04 11:48:39,b'RT @moriartyj: @jolim24601 They said all the hotels are booked and left us to fend for ourselves. Rebooked us on a flight back with 3 legs\xe2\x80\xa6'
2018-11-04 11:11:19,b'Do you think #unitedairlines will be live streaming the NYC marathon? Asking for a friend'
2018-11-04 10:21:16,"b'#unitedairlines did it again, placing me #backbus for a privileged white woman instead after we had saved our miles\xe2\x80\xa6 https://t.co/V19FSc5J4a'"
2018-11-04 08:46:23,b'RT @BhatkhalkarA: #UnitedAirlines has introduced Boeing 777-300ER aircraft on its #Mumbai - #NewYork / #Newark route. The airline has serve\xe2\x80\xa6'
2018-11-04 07:05:02,"b'VIDEO: London to Denver with @United Airlines - Interview with Bob Schumacher, #UnitedAirlines (UK)\xe2\x80\xa6 https://t.co/y38I2Tdpkn'"
2018-11-04 05:51:23,b'Somebody was super good on the plane! #schnauzer #shanghaitolosangeles #calidog #unitedairlines @ Shanghai Pudong I\xe2\x80\xa6 https://t.co/1jn3pHQRC9'
2018-11-04 03:19:44,b'4 hour flight \xe2\x9c\x88\xef\xb8\x8f  from Chicago on my way home from a great and inspiring ACSM meeting in Indy and I have the perfec\xe2\x80\xa6 https://t.co/fmckYoA887'
2018-11-04 02:46:19,b'Hello #northpole!  #topoftheworld #unitedairlines #polaris #newarkliberty #beijing #bigappletopeking #boeing777 https://t.co/gYWjibIujC'
2018-11-04 02:04:47,"b""After a long but amazing business trip to Houston I ran into a slight issue at the airport with @united, but I'm GR\xe2\x80\xa6 https://t.co/beSWpICXqr"""
2018-11-04 00:33:08,"b'NOT COOL, UNITED! \n\n#unitedairlines #unitedeffedupmyluggage\n#travelfail #thiswasntacheapbag\n#unitedbaggagehandlers\xe2\x80\xa6 https://t.co/ohovShp1nY'"
2018-11-03 23:33:47,b'#formandfunction iahhouston love what you all have done!  \xf0\x9f\x92\x9a #unitedairlines https://t.co/tnGQAybn9Q'
2018-11-03 22:00:05,b'Flight UA20  #houston to #amsterdam plane  sucks! #UnitedAirlines'
2018-11-03 20:44:53,b'Hey #unitedAIRLINES you totally sold a different plane and this flight is going to suck.... #firstclass always suck\xe2\x80\xa6 https://t.co/s9pRl3d7hE'
2018-11-03 20:35:06,"b'How hard is it to get from IAD to LaGuardia, #unitedAIRLINES? The flight was supposed to take off at 12:30 and here\xe2\x80\xa6 https://t.co/0fJPgLOKC8'"
2018-11-03 19:41:37,b'Fuckin Airports #unitedairlines https://t.co/HUNtXvT1Oa'
2018-11-03 15:46:44,b'A United Airlines Boeing 777-222 on runway 25R during takeoff at LAX. \xf0\x9f\x93\xb7\xf0\x9f\x9b\xab\xf0\x9f\x87\xba\xf0\x9f\x87\xb8 #LAX #LosAngelesInternationalAirport\xe2\x80\xa6 https://t.co/VzYTqjaEDc'
2018-11-03 15:03:39,b'@united Just waited 5 hours on your airplane waiting to take off - just to find out it not going to take off Today.\xe2\x80\xa6 https://t.co/xXk1i6dGkE'
2018-11-03 14:51:51,b'United Airlines Marathon 2018 - NYC. My son John Sowa.  #unitedAIRLINES  https://t.co/KH3WYml0Gv'
2018-11-03 14:51:23,b'@jolim24601 They said all the hotels are booked and left us to fend for ourselves. Rebooked us on a flight back wit\xe2\x80\xa6 https://t.co/7Px5hElmgg'
2018-11-03 14:47:38,b'RT @jolim24601: #unitedAIRLINES cancelled our #TLV -&gt; #EWR flight due to mechanical issues and it looks like we won\xe2\x80\x99t be getting on a plane\xe2\x80\xa6'
2018-11-03 14:06:33,"b'Welcome to #unitedAIRLINES where we equip our aircraft with kiddy belts.  I\xe2\x80\x99m 6 foot 6 and over weight, but I\xe2\x80\x99m not\xe2\x80\xa6 https://t.co/OYIw0rA6N5'"
2018-11-03 14:02:23,b'When you fly first class for the first time and the @united lounge in Chicago won\xe2\x80\x99t  let you in unless you pay. App\xe2\x80\xa6 https://t.co/5rnoC6Pw13'
2018-11-03 13:53:28,"b'United Air Lines Douglas DC-6 Mainliner 300, c.1950 - United Air Lines Postcard | For sale on Delcampe\xe2\x80\xa6 https://t.co/Re0BAozDA9'"
2018-11-03 13:37:03,b'RT @jolim24601: #unitedAIRLINES cancelled our #TLV -&gt; #EWR flight due to mechanical issues and it looks like we won\xe2\x80\x99t be getting on a plane\xe2\x80\xa6'
2018-11-03 13:31:54,b'#unitedAIRLINES cancelled our #TLV -&gt; #EWR flight due to mechanical issues and it looks like we won\xe2\x80\x99t be getting on\xe2\x80\xa6 https://t.co/OoAJe26tfe'
2018-11-03 12:31:04,b'Off to New York for the NYC Marathon. One more day!\n#travelingtrader #nycmarathon #newyorknewyork #nikeplusrunning\xe2\x80\xa6 https://t.co/jPsJSQjB7s'
2018-11-03 12:16:37,b'#foggy #morning at Newark Airport!\n#unitedairlines #instaclouds #instamorning @ Newark Liberty International Airport https://t.co/88tQYBZ5LI'
2018-11-03 10:44:51,b'RT @BhatkhalkarA: #UnitedAirlines has introduced Boeing 777-300ER aircraft on its #Mumbai - #NewYork / #Newark route. The airline has serve\xe2\x80\xa6'
2018-11-03 10:07:07,"b'RT @triciabovey: Going to try this flying again, our flight was #cancelled last night (sad Dino face) Stopped at the #Marriott Crystal Gate\xe2\x80\xa6'"
2018-11-03 10:00:55,"b'Going to try this flying again, our flight was #cancelled last night (sad Dino face) Stopped at the #Marriott Cryst\xe2\x80\xa6 https://t.co/VTe2QgjXsO'"
2018-11-03 04:50:26,b'Check out United Airline BusinessFirst Travel Amenity Kit Nylon Gray Bag https://t.co/6wOB8tQ5V7 \xe2\x81\xa6@eBay\xe2\x81\xa9 #selling\xe2\x80\xa6 https://t.co/t8V1Filjim'
2018-11-03 04:00:44,b'RT @BhatkhalkarA: #UnitedAirlines has introduced Boeing 777-300ER aircraft on its #Mumbai - #NewYork / #Newark route. The airline has serve\xe2\x80\xa6'
2018-11-03 02:59:50,"b""HELP!!!! @united rep Linda Mitchell in Houston is the rudest gate agent I've ever met.  #UnitedAirlines\xe2\x80\xa6 https://t.co/2SC69TuSN4"""
2018-11-03 02:11:45,b'@united @united Almost an hour later and still no call. Airport is no more than 30 minutes from my hotel. Please update #UnitedAirlines'
2018-11-03 01:06:36,"b'#UnitedAirlines \xe2\x80\x94 where is my luggage @united!? It\xe2\x80\x99s been four hours, now! https://t.co/nhb7LT7d9C'"
2018-11-03 00:37:58,b'Used wipes still not removed from #united48 #UnitedAirlines #NewarktoMumbai https://t.co/yKQIVolh1o'
2018-11-03 00:22:07,"b'\xe2\x80\x9cIt\xe2\x80\x99s a 106 miles to Chicago, we\xe2\x80\x99ve got a full tank of gas, half a pack of cigarettes; it\xe2\x80\x99s dark and we\xe2\x80\x99re wearing\xe2\x80\xa6 https://t.co/QsCutK9lGE'"
2018-11-02 23:37:31,b'Just got on a #UnitedAirlines flight and this is what I get to sit in. Joy. https://t.co/USYibkWqBc'
2018-11-02 23:24:31,b'RT @triciabovey: The Dinos decided a flight of beer was the best way to pass the time waiting for a delayed flight! #dinosaurs #dinovember\xe2\x80\xa6'
2018-11-02 23:21:57,b'The Dinos decided a flight of beer was the best way to pass the time waiting for a delayed flight! #dinosaurs\xe2\x80\xa6 https://t.co/xgD2L1Otsu'
2018-11-02 22:44:52,b'I need play by play updates on my luggage #UnitedAirlines. I feel as though @United has not inform or updated the s\xe2\x80\xa6 https://t.co/WY2s4yJdUv'
2018-11-02 22:06:32,b'First colorful view of Chicago while flying #unitedairlines\n.\n.\n.\n.\n.\n.\n#travel #neverstopexploring #chicago\xe2\x80\xa6 https://t.co/ptv53IdByf'
2018-11-02 22:01:45,b'#UnitedAirlines \xe2\x80\x94 what\xe2\x80\x99s the status on my luggage!?'
2018-11-02 21:47:07,b'I will not be flying @united again in the future. Flights are constantly delayed and passengers are not notified un\xe2\x80\xa6 https://t.co/OEDfQY1Lx3'
2018-11-02 21:10:07,b'RT @UnitedFlyerHD: United B777-200ER (N77019) parked in front of a B763 at the Houston IAH old C-north Terminal.  \n#avgeek #Boeing #boeing7\xe2\x80\xa6'
2018-11-02 20:48:42,b'@ndtv I totally see the point here. I\xe2\x80\x99ve been in a similar situation and the #UnitedAirlines staff on the plane ver\xe2\x80\xa6 https://t.co/EyUYZDGB2O'
2018-11-02 20:34:07,"b'#UnitedAirlines, why is there not a direct delivery company &amp;/or service for situations like this? This is such a h\xe2\x80\xa6 https://t.co/NQz6hPj4ah'"
2018-11-02 19:54:21,b'@united THANK YOU so much for taking such good care of me when I got sick and had to change my flight reservations.\xe2\x80\xa6 https://t.co/D928vF8sdy'
2018-11-02 19:42:53,b'MY THIRD DAY WITHOUT MY LUGGAGE; IT IS NOW THE AFTERNOON &amp; #UNITEDAIRLINES HAS YET TO RESOLVE THE ISSUE.'
2018-11-02 19:30:04,b'What a way to start the weekend! Finally got to sit in the new @united Polaris seats! Love it! Just wish the flight\xe2\x80\xa6 https://t.co/xgz4UXGGtQ'
2018-11-02 18:41:32,"b'hey, @united and @Expedia this is absurd. My grandparents (70+) are noticed 2 hours before their flight (EWR-BUF) t\xe2\x80\xa6 https://t.co/nyyfFzc5XQ'"
2018-11-02 18:40:15,b'#UnitedAirlines CEO: Increasing Bag #Fees Will Help \xe2\x80\x9cDe-stress the #Travel Lifestyle\xe2\x80\x9d \nhttps://t.co/nsRAgVQb3F #paxex #avgeek'
2018-11-02 18:18:51,b'Hats off to @united for sorting me out with a quick and easy re-route after a cancellation. Will be home for my bir\xe2\x80\xa6 https://t.co/bT3xrY9GCX'
2018-11-02 17:56:36,"b'@ShewwWheelSnipe @united @BarstoolBigCat Well @ShewwWheelSnipe, #UnitedAirlines haven\xe2\x80\x99t met the wrath of an\xe2\x80\xa6 https://t.co/FSkf0uV7jJ'"
2018-11-02 17:44:31,"b'When you are so bored on the airplane, entertainment yourself and make a laugh... #airlines #unitedairlines\xe2\x80\xa6 https://t.co/BTjQvEs1Gu'"
2018-11-02 17:39:53,b'WHY? WE LIVE IN A TECHNOLOGICAL WORLD @united \xe2\x80\x94 WHY CAN\xe2\x80\x99T AN IMAGE BE TAKEN TO CONFIRM THAT MY BAG HAS BEEN FOUND\xe2\x80\xa6 https://t.co/1oNkcUgeqp'
2018-11-02 17:36:19,b'Only 12 #tweets from @United &amp; not one has been helpful about my missing luggage! They have been giving the same re\xe2\x80\xa6 https://t.co/2E1MgCUmgN'
2018-11-02 17:25:58,"b'#UNITEDAIRLINES RUINED MY 09 DAYS #VACATION IN MEXICO \xf0\x9f\x87\xb2\xf0\x9f\x87\xbd BY LOSING MY LUGGAGE, I AM CURRENTLY ON DAY THREE @united\xe2\x80\xa6 https://t.co/TATCNIXzjy'"
2018-11-02 17:19:57,b'RT @kkayyppee: @united #UnitedAirlines \xe2\x80\x94 the #DESCRIPTION of my #luggage: \na large black wheeled luggage with a thick lavender purple croch\xe2\x80\xa6'
2018-11-02 17:18:52,b'I gave a detailed description of my luggage \xe2\x80\x94 please refer back to previous #tweets @United! #UnitedAirlines. https://t.co/ZtL766nQuq'
2018-11-02 17:17:57,b'I HAVE BEEN TOLD THIS EVERY SINGLE DAY &amp; EVERY SINGLE DAY I DO NOT HAVE MY THINGS @united \xe2\x80\x94 PLEASE FIND MY LUGGAGE\xe2\x80\xa6 https://t.co/a8wyvN4Lyr'
2018-11-02 17:15:46,b'I HAVE GIVEN MORE THAN ENOUGH DETAILED INFORMATION TO INDICATE THE #LUGGAGE @united; PLEASE SEND IMAGE OF THE\xe2\x80\xa6 https://t.co/EsszHqGdtE'
2018-11-02 17:01:56,b'Any #passengers flying @united \xf0\x9f\x9a\xa8#WARNING: PLEASE \xe2\x9c\x94\xef\xb8\x8f CHECK your luggage/bag tags \xf0\x9f\x8f\xb7 sticker to make sure it\xe2\x80\x99s in YOUR\xe2\x80\xa6 https://t.co/FBaIreHkpH'
2018-11-02 16:56:34,b'My new BFF!!! Lol #coffeelove #veracruzcoffee #unitedairlines viceroyloscabos #mexico #tacolove #mezcal #loscabos\xe2\x80\xa6 https://t.co/syXvUk5ha7'
2018-11-02 16:54:10,b'PLEASE FIND MY LUGGAGE #UnitedAirlines @united \xe2\x80\x94 it has been 03 days without anything! https://t.co/O7rivDUL2A'
2018-11-02 16:52:22,b'RT @kkayyppee: I have patiently waited 03 days for my lost luggage \xe2\x80\x94 I am sorry that I even have to go on #Twitter before I even get any ac\xe2\x80\xa6'
2018-11-02 16:52:20,"b'RT @kkayyppee: It took 4 of your customers, including me practically 24 hours to get from #PHL #UA1087 to #MEX Mexico \xf0\x9f\x87\xb2\xf0\x9f\x87\xbd City @united #Unit\xe2\x80\xa6'"
2018-11-02 16:51:22,b'If my luggage has been found \xe2\x80\x94 I would like an #IMAGE of my #LOSTLUGGAGE via #Twitter/#DM for peace of mind. \nIt ha\xe2\x80\xa6 https://t.co/42ybU7S4Tm'
2018-11-02 16:45:45,b'I have patiently waited 03 days for my lost luggage \xe2\x80\x94 I am sorry that I even have to go on #Twitter before I even g\xe2\x80\xa6 https://t.co/3loVT1sYz1'
2018-11-02 16:43:31,"b'It took 4 of your customers, including me practically 24 hours to get from #PHL #UA1087 to #MEX Mexico \xf0\x9f\x87\xb2\xf0\x9f\x87\xbd City\xe2\x80\xa6 https://t.co/4IM00T3JJU'"
2018-11-02 16:38:15,b'Where is #UA1089 #Flight that your #CustomerRepresentative @united #UnitedAirlines said YESTERDAY that the luggage\xe2\x80\xa6 https://t.co/r62Heiq7lC'
2018-11-02 16:37:50,"b'RT @kkayyppee: I was on many ongoing delayed flights @united #UnitedAirlines starting frm #PHL that was supposed to leave @08:20AM on Weds,\xe2\x80\xa6'"
2018-11-02 16:36:01,"b'I finally arrived to the Mexico City @01AM Thurs, November 1st, 2018 without my #luggage \xe2\x80\x94 I have been told on ever\xe2\x80\xa6 https://t.co/1CB6PKAzfN'"
2018-11-02 16:34:24,"b'RT @starkdaily: Unbelievable security line at #Unitedairlines Newark Airport! And no Premier or TSA Access. Since United moved to Newark,\xe2\x80\xa6'"
2018-11-02 16:32:46,b'I was on many ongoing delayed flights @united #UnitedAirlines starting frm #PHL that was supposed to leave @08:20AM\xe2\x80\xa6 https://t.co/3Sj0XsHEsI'
2018-11-02 16:30:59,b'I just #tweeted the description of the luggage \xe2\x80\x94 please refer back to my previous #tweets #posts @united\xe2\x80\xa6 https://t.co/OssxmnHpr7'
2018-11-02 16:07:19,b'@United #UnitedAirlines \xe2\x80\x94 where is my luggage? #WhereIsMyLuggage #LostBag #LostLuggage #Airlines #United\xe2\x80\xa6 https://t.co/aadMRE6mtU'
2018-11-02 16:05:11,b'I\xe2\x80\x99m in a foreign place @united \xe2\x80\x94 no where close to home which is #Philadelphia!\nPLEASE LOCATE MY LUGGAGE\xe2\x80\xa6 https://t.co/eABXjY0Dg9'
2018-11-02 15:54:41,b'HOW MUCH LONGER DO I HAVE TO WAIT @united #UnitedAirlines? \n\nHAVE YOU BEEN WITHOUT YOUR GODDAMN THINGS? \n\nIT\xe2\x80\x99S FUCK\xe2\x80\xa6 https://t.co/kiuBkYPtp3'
2018-11-02 15:52:28,b'@united I have been told on every other @united #CustomerService \xe2\x98\x8e\xef\xb8\x8f #PHONECALL that it\xe2\x80\x99s in @IAH #airport \xe2\x80\x94 if the\xe2\x80\xa6 https://t.co/zxB5WAsudq'
2018-11-02 15:48:22,b'@united #UnitedAirlines \xe2\x80\x94 the #DESCRIPTION of my #luggage: \na large black wheeled luggage with a thick lavender pur\xe2\x80\xa6 https://t.co/js3EBeISHr'
2018-11-02 15:37:02,b'My luggage that was wrongfully tagged at the @PHLAirport under another #UnitedAirlines customer\xe2\x80\x99s named \xe2\x80\x9cJose Foger\xe2\x80\xa6 https://t.co/TJGH8A3Ahw'
2018-11-02 15:32:49,b'#UnitedAirlines @united \xe2\x80\x94 this has been the most disappointing &amp; by far the most frustrating flight.\nBeginning with\xe2\x80\xa6 https://t.co/VQMp7CjDPE'
2018-11-02 15:29:29,"b'#UnitedAirlines @united, I have had the flight &amp; customer service from Hell!\nI have been without my luggage &amp; my th\xe2\x80\xa6 https://t.co/zjzLdxxHBZ'"
2018-11-02 15:15:16,b'@United gives 6 shitty options for tv shows in their app. Each time I fly they take more and more shows away. There\xe2\x80\xa6 https://t.co/cALKrxAWvJ'
2018-11-02 15:12:21,b'RT @UnitedFlyerHD: United B777-200ER (N77019) parked in front of a B763 at the Houston IAH old C-north Terminal.  \n#avgeek #Boeing #boeing7\xe2\x80\xa6'
2018-11-02 14:11:56,b'#unitedAIRLINES @EWRairport turn the air on in terminal C- it doesn\xe2\x80\x99t matter that it\xe2\x80\x99s November - it\xe2\x80\x99s NJ. Its swel\xe2\x80\xa6 https://t.co/n59tljXWU4'
2018-11-02 14:01:55,b'RT @BhatkhalkarA: #UnitedAirlines has introduced Boeing 777-300ER aircraft on its #Mumbai - #NewYork / #Newark route. The airline has serve\xe2\x80\xa6'
2018-11-02 13:48:58,"b'RT @starkdaily: Unbelievable security line at #Unitedairlines Newark Airport! And no Premier or TSA Access. Since United moved to Newark,\xe2\x80\xa6'"
2018-11-02 13:14:29,b'RT @BhatkhalkarA: #UnitedAirlines has introduced Boeing 777-300ER aircraft on its #Mumbai - #NewYork / #Newark route. The airline has serve\xe2\x80\xa6'
2018-11-02 12:51:56,b'Put me in Coach #unitedairlines #portraitphotography #streetphotography #leicacamera #leicadiscovery #leicagram #\xf0\x9f\x94\xb4\xf0\x9f\x93\xb7\xe2\x80\xa6 https://t.co/UUheG0uRRk'
2018-11-02 11:55:55,"b'RT @alifesjourneys: Sun, clouds and wing as seen through the shaded window of a United operated Boeing 787-900 while flying over the Pacifi\xe2\x80\xa6'"
2018-11-02 11:55:40,"b'RT @alifesjourneys: Sun, clouds and wing as seen through the shaded window of a United operated Boeing 787-900 while flying over the Pacifi\xe2\x80\xa6'"
2018-11-02 11:40:52,"b'Sun, clouds and wing as seen through the shaded window of a United operated Boeing 787-900 while flying over the Pa\xe2\x80\xa6 https://t.co/HYBco1iPd2'"
2018-11-02 11:35:23,b'RT @BhatkhalkarA: #UnitedAirlines has introduced Boeing 777-300ER aircraft on its #Mumbai - #NewYork / #Newark route. The airline has serve\xe2\x80\xa6'
2018-11-02 10:58:48,b'#unitedairlinesreservations #unitedairlinesofficialsite #unitedairlines\nUnited Airlines: Are you looking for united\xe2\x80\xa6 https://t.co/z3hrkvkYxC'
2018-11-02 10:05:18,b'RT @BhatkhalkarA: #UnitedAirlines has introduced Boeing 777-300ER aircraft on its #Mumbai - #NewYork / #Newark route. The airline has serve\xe2\x80\xa6'
2018-11-02 09:54:04,b'RT @pl_collection: #anticipate  COMING SOON ....\n#fever\xf0\x9f\x98\xb7 #wizkidfever #capsulewardrobe #fashioncap #davido #election #tiwasavage #cardibedi\xe2\x80\xa6'
2018-11-02 09:18:59,b'RT @UnitedFlyerHD: United B777-200ER (N77019) parked in front of a B763 at the Houston IAH old C-north Terminal.  \n#avgeek #Boeing #boeing7\xe2\x80\xa6'
2018-11-02 09:17:34,b'RT @BhatkhalkarA: #UnitedAirlines has introduced Boeing 777-300ER aircraft on its #Mumbai - #NewYork / #Newark route. The airline has serve\xe2\x80\xa6'
2018-11-02 09:17:01,b'RT @UnitedFlyerHD: United B777-200ER (N77019) parked in front of a B763 at the Houston IAH old C-north Terminal.  \n#avgeek #Boeing #boeing7\xe2\x80\xa6'
2018-11-02 09:13:56,b'RT @UnitedFlyerHD: United B777-200ER (N77019) parked in front of a B763 at the Houston IAH old C-north Terminal.  \n#avgeek #Boeing #boeing7\xe2\x80\xa6'
2018-11-02 08:56:52,b'RT @BhatkhalkarA: #UnitedAirlines has introduced Boeing 777-300ER aircraft on its #Mumbai - #NewYork / #Newark route. The airline has serve\xe2\x80\xa6'
2018-11-02 08:14:28,b'RT @BhatkhalkarA: #UnitedAirlines has introduced Boeing 777-300ER aircraft on its #Mumbai - #NewYork / #Newark route. The airline has serve\xe2\x80\xa6'
2018-11-02 08:13:20,b'#UnitedAirlines has introduced Boeing 777-300ER aircraft on its #Mumbai - #NewYork / #Newark route. The airline has\xe2\x80\xa6 https://t.co/T7rQnHQadM'
2018-11-02 07:31:29,b'\xe2\x9d\xa4\xef\xb8\x8fThank you very much @eric_onboard for sharing this picture with us. Would love to fly with you \xe2\x9c\x88\xef\xb8\x8f #cabincrew\xe2\x80\xa6 https://t.co/8fyPaCyjda'
2018-11-02 04:42:25,b'#UnitedAirlines does not stop to surprise its passengers! https://t.co/8V4kH4EtgU'
2018-11-02 03:37:18,b'2018 Best Loyalty Program Titan Award #unitedairlines #loyalty #frequentflyer @united https://t.co/O24WDmgUeQ'
2018-11-02 03:27:21,b'#UnitedAirlines stop punishing people for being tall. #tallpeopleproblems https://t.co/hTiJoivke9'
2018-11-02 02:06:22,b'The people working the security line blame #UnitedAIRLINES for this line. @united says it is the airport/TSA\xe2\x80\x99s faul\xe2\x80\xa6 https://t.co/yhk03BytdN'
2018-11-02 01:59:55,b'IND to OHare &amp; last stop LAX! #unitedairlines https://t.co/0ypxreOXm3'
2018-11-02 01:58:55,b'Unbelievable security line at #Unitedairlines Newark Airport! And no Premier or TSA Access. Since United moved to N\xe2\x80\xa6 https://t.co/ebRf2E6xF0'
2018-11-02 01:53:10,b'United B777-200ER (N77019) parked in front of a B763 at the Houston IAH old C-north Terminal.  \n#avgeek #Boeing\xe2\x80\xa6 https://t.co/TzXhuYdjRa'
2018-11-02 01:48:29,b'Thank you @united for a safe and wonderful first flight for our 2 month old traveler!  An amazing flight crew On UA\xe2\x80\xa6 https://t.co/MiWTgvb8zD'
2018-11-02 01:11:02,b'@united are all your flights delayed?\nThird time in a row.... #unitedAIRLINES #delayed #ewr'
2018-11-02 00:51:46,b'Great visit today with our Business Partner. Very excited for #UnitedAirlines to start service to @visitmammoth air\xe2\x80\xa6 https://t.co/LqJBBFG1s2'
2018-11-01 23:50:46,b'RT @NeilRetail: United Airlines is pleased to announce its new head of customer service. #unitedAIRLINES #flight3411 @united https://t.co/Q\xe2\x80\xa6'
2018-11-01 23:22:04,b'RT @UnitedFlyerHD: United A320 (N477UA) banking right on final approach into New York LGA\n#avgeek #airbus #airbus320 #wingseatwednesday #wi\xe2\x80\xa6'
2018-11-01 23:03:50,b'Leaving Austin for #morrobayca #slocal #360magazine #unitedairlines UA5890 https://t.co/c5jAdgrolF https://t.co/dbaZzTjfYz'
2018-11-01 22:57:56,b'Leaving Austin for #morrobayca #slocal #360magazine #unitedairlines UA5890 @ Austin-Bergstrom International Airport https://t.co/efB2GxSBTi'
2018-11-01 22:21:25,b'Be careful #unitedAIRLINES. https://t.co/J5bWJe6qGB'
2018-11-01 21:19:32,b'#anticipate  COMING SOON ....\n#fever\xf0\x9f\x98\xb7 #wizkidfever #capsulewardrobe #fashioncap #davido #election #tiwasavage\xe2\x80\xa6 https://t.co/zyVFGLhuPL'
2018-11-01 21:17:19,b'Thank you again @united for the cocktail event of the inaugural flight #UA115 from San Francisco to #Tahiti !\xe2\x80\xa6 https://t.co/OIeYApBNmg'
2018-11-01 19:34:02,b'Current mood. About to board my second 6 hour flight of the day. \n#hawaiiorbust #hawaii #unitedairlines\xe2\x80\xa6 https://t.co/2BIBdkFPev'
2018-11-01 19:15:07,b'RT @BravenBoyd: \xf0\x9f\x9b\xa91st Sergeant Pilot Braven Boyd @ your service\xf0\x9f\x91\xa8\xf0\x9f\x8f\xbd\xe2\x80\x8d\xe2\x9c\x88\xef\xb8\x8f Thank you @united airlines for an awesome experience in the cockpit &amp; g\xe2\x80\xa6'
2018-11-01 18:44:14,b'United Airlines Will Serve Tahiti Year Around https://t.co/X13GSPKYos #UnitedAirlines #PPT #SFO'
2018-11-01 18:42:44,b'RT @UnitedFlyerHD: United A320 (N477UA) banking right on final approach into New York LGA\n#avgeek #airbus #airbus320 #wingseatwednesday #wi\xe2\x80\xa6'
2018-11-01 18:34:34,b'So after a long painful experience with the attack dogs w/#unitedAIRLINES  and an even more painful drawn out priva\xe2\x80\xa6 https://t.co/xpkY33QVbp'
2018-11-01 17:46:25,b'I have to definitely rethink flighting #UnitedAirlines ever again... big inconvenience....Hugh... with only an \xe2\x80\x9cI\xe2\x80\x99m\xe2\x80\xa6 https://t.co/IPoZwhX2U9'
2018-11-01 17:12:07,"b'RT @tachain6: Amazing last news from our potential partner - #UnitedAirlines Great video, guys.   #tachain #adnet #transportal #tmarq #Unit\xe2\x80\xa6'"
2018-11-01 17:11:20,b'United comes through for the win! Thanks y\xe2\x80\x99all for standing with me! #unitedairlines #americanexpress #grateful\xe2\x80\xa6 https://t.co/yvpm0ccUPa'
2018-11-01 16:14:28,b'#united snafu can\xe2\x80\x99t even fix a maintenance issue overnight in Denver what a bunch of clowns flt 1974 come on #Oscar Munoz #unitedairlines'
2018-11-01 15:51:48,b'@united please help!!! #unitedairlines #united #premiergold #staralliance #staralliancegold @staralliance #nothappy #unfair #ownup'
2018-11-01 15:07:11,"b'A very important reminder to their ground crew to ""wear ear protection."" Great work, #UnitedAirlines! https://t.co/n0dy9EW9Hh'"
2018-11-01 14:31:02,b'RT @UnitedFlyerHD: United A320 (N477UA) banking right on final approach into New York LGA\n#avgeek #airbus #airbus320 #wingseatwednesday #wi\xe2\x80\xa6'
2018-11-01 12:06:02,b'Video: Travel Blogger @SaucepanKids Debbie Woodward shows us Chicago for Families and Kids. Bringing us the best Ch\xe2\x80\xa6 https://t.co/D7s7eLvQvd'
2018-11-01 12:04:56,"b'Hey @united, don\xe2\x80\x99t lie about flight status. Still at @fly2ohare and I overheard pilot asking ground crew for bags 1\xe2\x80\xa6 https://t.co/gdCKWWvPLt'"
2018-11-01 04:41:15,"b'If your airplane TV screen is gonna freeze up, please let it freeze on Charles Nelson Reilly. #charlesnelsonreilly\xe2\x80\xa6 https://t.co/fHwqpuugqD'"
2018-11-01 03:58:42,b'Hana vip lounge in Lima airport the worst vip lounge I have ever experienced overcrowded 40 min wait to get in nois\xe2\x80\xa6 https://t.co/lMKsIyQYV4'
2018-11-01 03:58:04,b'RT @UnitedFlyerHD: United A320 (N477UA) banking right on final approach into New York LGA\n#avgeek #airbus #airbus320 #wingseatwednesday #wi\xe2\x80\xa6'
2018-11-01 03:25:14,"b""Jets are nice but I'll take the old school biplane.\n#unitedairlines #denver #denverinternationalairport #travel\xe2\x80\xa6 https://t.co/gKFIHo7vGn"""
2018-11-01 01:55:19,b'We are United! #unitedairlines #ewrmaintence #nasdaq #beingunited #weareunited #uafly Thank you Oscar! For the pict\xe2\x80\xa6 https://t.co/S3PbXpzush'
2018-11-01 01:30:12,b'RT @UnitedFlyerHD: United A320 (N477UA) banking right on final approach into New York LGA\n#avgeek #airbus #airbus320 #wingseatwednesday #wi\xe2\x80\xa6'
2018-11-01 01:27:39,b'RT @UnitedFlyerHD: United A320 (N477UA) banking right on final approach into New York LGA\n#avgeek #airbus #airbus320 #wingseatwednesday #wi\xe2\x80\xa6'
2018-11-01 01:01:44,b'RT @UnitedFlyerHD: United A320 (N477UA) banking right on final approach into New York LGA\n#avgeek #airbus #airbus320 #wingseatwednesday #wi\xe2\x80\xa6'
2018-11-01 00:54:34,b'RT @UnitedFlyerHD: United A320 (N477UA) banking right on final approach into New York LGA\n#avgeek #airbus #airbus320 #wingseatwednesday #wi\xe2\x80\xa6'
2018-11-01 00:46:40,b'United A320 (N477UA) banking right on final approach into New York LGA\n#avgeek #airbus #airbus320\xe2\x80\xa6 https://t.co/2vidI0RAbR'
2018-10-31 23:56:19,b'#UnitedAirlines\nOffers a great price on a flight from coast to coast.\nUnfortunately the only thing you can bring on\xe2\x80\xa6 https://t.co/slm27uSwNW'
2018-10-31 23:19:16,"b""RT @nashat_hj: #UnitedAirlines Passengers, here are some useful tricks whenever you're being dragged out of a plane \xf0\x9f\x98\x80\xf0\x9f\x91\x8d https://t.co/OxGI08h\xe2\x80\xa6"""
2018-10-31 21:09:02,"b'RT @rogerdooley: Got to love menu dining in an airport lounge, particularly when they are pouring The Prisoner... #EWR #unitedairlines http\xe2\x80\xa6'"
2018-10-31 21:07:53,"b'Got to love menu dining in an airport lounge, particularly when they are pouring The Prisoner... #EWR\xe2\x80\xa6 https://t.co/33SuXJjYS8'"
2018-10-31 20:53:07,b'RT @UnitedFlyerHD: United B737 Max 9 (N27503) decelerates on Houston IAH 8R\n(1/10 sec shutter speed)\n#avgeek #boeing #boeing737 #max9 #Unit\xe2\x80\xa6'
2018-10-31 20:30:38,b'G2UAL754 GEMINI200 UNITED 787-10 1/200 REG#N78791  Now In stock! $148.95 each. Order yours today!\xe2\x80\xa6 https://t.co/oHLwCj8UVt'
2018-10-31 19:03:38,b'Glad to see #UAL #UnitedAirlines practices recycling. https://t.co/hr53eCPaJE'
2018-10-31 17:39:50,"b""RT @kennerly: Historic @united moment. The crew of United's inaugural flight to #Papeete #Tahiti are greeted upon their arrival last night\xe2\x80\xa6"""
2018-10-31 17:18:03,b'Let\xe2\x80\x99s go Amigo!! #truecooks #chefkorisutton #tomatoes #infusedwater #mexicobeach #unitedairlines #unitedclub #lax\xe2\x80\xa6 https://t.co/dvm0gR5Xk5'
2018-10-31 17:16:16,b'Ok next stop viceroyloscabos !! So excited for this amazing opportunity!! \xf0\x9f\x99\x8f\xf0\x9f\x8f\xbd\xf0\x9f\x99\x8f\xf0\x9f\x8f\xbd\xf0\x9f\x8c\xb4 #truecooks #chefkorisutton\xe2\x80\xa6 https://t.co/HKW2NNjO9N'
2018-10-31 17:13:07,"b""United Airlines' NEW Polaris cabin on the Boeing 777-300ER - is it worth booking? Here's my experience:\xe2\x80\xa6 https://t.co/XFkcYf9TmO"""
2018-10-31 17:05:58,"b""Historic @united moment. The crew of United's inaugural flight to #Papeete #Tahiti are greeted upon their arrival l\xe2\x80\xa6 https://t.co/SL2FTHOU9e"""
2018-10-31 16:49:53,"b'Dear #Lufthansa, #LAX and #UnitedAirlines, I thank you so MUCH for giving me only 2 hours between my international\xe2\x80\xa6 https://t.co/63NnTFOD5b'"
2018-10-31 16:07:14,b'A United Airlines Boeing 757-324 leaving runway 24R on takeoff from LAX. \xf0\x9f\x93\xb7\xf0\x9f\x9b\xab\xf0\x9f\x87\xba\xf0\x9f\x87\xb8 #LAX #LosAngelesInternationalAirport\xe2\x80\xa6 https://t.co/tmAiySZjlh'
2018-10-31 15:20:41,b'I have mentioned lately how much United Airlines is the worst??? Every time I fly them it\xe2\x80\x99s something... today we g\xe2\x80\xa6 https://t.co/THSmLZGTY4'
2018-10-31 14:03:23,b'I like how you can check in and get your boarding passes before you get to the airport. #UnitedAirlines #Boston #LAX'
2018-10-31 13:53:35,b'It\xe2\x80\x99s gonna be a good flight. #alltomyself #layout #stretch #plane #flight #fly #unitedairlines @ Orlando Internatio\xe2\x80\xa6 https://t.co/qkFK8H5Sjs'
2018-10-31 12:52:02,b'Commuter crash pad. -$300 Euro\n#zurich #zrh #crashpad411 #flightattendant #pilot #lifeinthesky #dreamjob \xc2\xa0#layover\xe2\x80\xa6 https://t.co/bKiY3kfVVb'
2018-10-31 12:28:25,b'The gorgeous woman next to me keeps checking me out. I think she\xe2\x80\x99s into me. #happywifehappylife #bussinesstravel\xe2\x80\xa6 https://t.co/zqHlrzO42J'
2018-10-31 11:54:04,"b'RT @k8talois: Shout out to Roger, the awesome flight attendant on this morning\xe2\x80\x99s @united Flight 1686 from #Chicago to #Albany, for dropping\xe2\x80\xa6'"
2018-10-31 11:12:35,b'#UnitedAirlines Introduces New Aircraft On Mumbai-New York Route\n\nhttps://t.co/j0wJjj3Zt5'
2018-10-31 09:05:02,b'@PeterDutton5 Surely our future prime minister should be flying 1st class #unitedairlines;)'
2018-10-31 09:00:00,b'This Airline Business Class Promises Luxury To Pamper You In The Sky https://t.co/Sug4GrQivP #Travel\xe2\x80\xa6 https://t.co/sOAnA1az17'
2018-10-31 07:06:59,b'RT @treasurotica: #Vintage #UnitedAirlines #Stewardess #FlightAttendant Black #Leather Bag  https://t.co/dFkarL7wya #United #purse #purses\xe2\x80\xa6'
2018-10-31 06:30:15,"b'#UnitedAirlines introduces #Boeing 777-300ER #aircraft, the #airline\xe2\x80\x99s latest aircraft type featuring the all-new U\xe2\x80\xa6 https://t.co/Nt4zjHZ3mH'"
2018-10-31 03:29:16,b'@united Seriously!?! This is ridiculous. Why land early if you don\xe2\x80\x99t have gate agents to let us out of the plane. N\xe2\x80\xa6 https://t.co/afIX1hDsc9'
2018-10-31 02:14:55,b'More of the same nonsense from @United. Furious! #UnitedAirlines'
2018-10-31 01:31:34,"b'Dear United Airlines, it is disingenuous to say that you cannot land a particular flight at O\xe2\x80\x99Hare at the same time\xe2\x80\xa6 https://t.co/bjPvQtcl9g'"
2018-10-31 01:07:13,b'#UnitedAirlines flight 2035 delayed!'
2018-10-31 01:03:42,b'Me &amp; Chad waiting for out connecting flight to Santiago !! #blackstarriders #chadszeliga #samehaircut #southamerica\xe2\x80\xa6 https://t.co/nDHdisQm9B'
2018-10-31 00:32:25,b'Fxxking terrible.. 8pm and United club at c124 in Newark Airport has no food/snacks or beverages. Made me walk all\xe2\x80\xa6 https://t.co/HGB0w02CDh'
2018-10-30 21:36:15,b'#UnitedAirLines new nonstop flight departing #SFO \xf0\x9f\x8c\x89to #PPT\xf0\x9f\x8f\x9d #UA115 #N26906 \n#Boeing787 \xe2\x9c\x88#avgeeks https://t.co/ozjMgCEzsJ'
2018-10-30 21:35:18,b'RT @Bobbie16Morrow: A beautiful chilly morning in Cleveland. #UnitedAirlines https://t.co/zfEcGJlAhV'
2018-10-30 20:57:26,"b'Unruly Passenger Attacks United Flight Attendants, Forcing Diversion https://t.co/JUmOh16jxP #LHR #IAD #UnitedAirlines'"
2018-10-30 19:52:04,b'\xf0\x9f\x9b\xa91st Sergeant Pilot Braven Boyd @ your service\xf0\x9f\x91\xa8\xf0\x9f\x8f\xbd\xe2\x80\x8d\xe2\x9c\x88\xef\xb8\x8f Thank you @united airlines for an awesome experience in the coc\xe2\x80\xa6 https://t.co/rX1yzDBpCc'
2018-10-30 19:49:15,b'RT @endaburke81: One from back in May is @united 737-9 on final for @flyLAXairport . Just passing the In-N-Out burger place (Which is blood\xe2\x80\xa6'
2018-10-30 19:48:26,b'RT @oesantiago: Friends stranded @ Dulles airport and my flight delayed way to start vacations #UnitedAirlines #unitedsucks @nicolasjosue8'
2018-10-30 19:42:19,"b'RT @skootchy114: 2 hour delay turns into worse. Deplaned, no status on potential fix for maintenance issue, not even a voucher for food whi\xe2\x80\xa6'"
2018-10-30 19:39:58,b'Shame on you #unitedairlines \nI expect better! And so it shall be! \n#americanexpress #airlines #airport #united\xe2\x80\xa6 https://t.co/4pa1ptWMC6'
2018-10-30 19:23:27,b'RT @DebKilroy: Horrendous day @united crew show up 1.5hrs after flight was supposed to leave cause they needed more rest That meant many of\xe2\x80\xa6'
2018-10-30 19:21:35,b'RT @Mikeysullivan26: #unitedAIRLINES made me miss my cruise ship because THEY NEEDED TO FIX A CHAIR. Yes a chair. 3 hour delay and we now h\xe2\x80\xa6'
2018-10-30 19:00:18,b'RT @Kari16612293: @united changed our flights by almost 5 hours over two months ago and we were never notified. Now our options are to eith\xe2\x80\xa6'
2018-10-30 18:56:35,"b""RT @greldog: I simply just don't believe this.   Does United really know how to run an airline?  I am truly being to doubt it.   At least y\xe2\x80\xa6"""
2018-10-30 18:50:16,b'RT @rickywarwick: Time to roll... #blackstarriders #santiago #chile #brazil #argentina #judaspriest #aliceinchains #unitedairlines #laxairp\xe2\x80\xa6'
2018-10-30 18:19:39,"b'RT @tachain6: Amazing last news from our potential partner - #UnitedAirlines Great video, guys.   #tachain #adnet #transportal #tmarq #Unit\xe2\x80\xa6'"
2018-10-30 18:10:24,b'It feels like hitting the lottery when the seat next to you on the plane is vacant! #flyingcoach #coachgoals #unitedairlines #happytraveler'
2018-10-30 17:58:46,b'Time to roll... #blackstarriders #santiago #chile #brazil #argentina #judaspriest #aliceinchains #unitedairlines\xe2\x80\xa6 https://t.co/P3hZCX1b77'
2018-10-30 17:35:43,"b'@united probably has the worst customer service, customer service rep training, parallel knowledge of policy from p\xe2\x80\xa6 https://t.co/HIbjVV8ZaD'"
2018-10-30 16:38:56,"b""RT @JUSTHELICOPTERS: PILOTS,  if you're interested in transitioning to the #AIRLINES -and- if you\xe2\x80\x99re attending #HELISUCCESS 2018 on Nov 4 &amp;\xe2\x80\xa6"""
2018-10-30 15:25:52,b'My seat mate for the next 5 hours on my way to LA. She is SO WELL BEHAVED!!! #losangeles #dogs #unitedairlines https://t.co/fGV9bOIg7Q'
2018-10-30 14:21:07,b'United Airlines launches new Boeing 777-300ER on Mumbai-New York/Newark route\nhttps://t.co/yaSs0SNBeu\n@united\xe2\x80\xa6 https://t.co/czZ41CzziY'
2018-10-30 14:16:58,"b""Listeria, when you're near\nhttps://t.co/Cbc9bY9ku8\n#UnitedAirlines #United #airlines"""
2018-10-30 13:53:06,b'RT @emmiddleton7: thanks @United for breaking new my luggage and letting all my things fall out! hope you enjoy mine and my fianc\xc3\xa9\xe2\x80\x99s things\xe2\x80\xa6'
2018-10-30 13:49:32,"b""RT @JUSTHELICOPTERS: PILOTS,  if you're interested in transitioning to the #AIRLINES -and- if you\xe2\x80\x99re attending #HELISUCCESS 2018 on Nov 4 &amp;\xe2\x80\xa6"""
2018-10-30 13:35:06,"b'@united mishandled #listeria #contamination, endangering #travelers, #lawsuits claim.\nhttps://t.co/sxO3L8z53U via\xe2\x80\xa6 https://t.co/fviEdEyJaW'"
2018-10-30 13:11:47,"b'Remarkable, after waiting 8 weeks, Lufthansa are now blaming United Airlines for my missed flights at Frankfurt.  T\xe2\x80\xa6 https://t.co/0OJerTACWL'"
2018-10-30 12:59:14,b'A beautiful chilly morning in Cleveland. #UnitedAirlines https://t.co/zfEcGJlAhV'
2018-10-30 10:56:22,b'Good Morning Houston. It\xe2\x80\x99s 5:45 and I have less than 2 hours until my final segment to Toronto. Waiting it out at t\xe2\x80\xa6 https://t.co/58E5tOK3lw'
2018-10-30 09:41:40,b'#UnitedAirlines launches new #Mexico route from #Chicago O\xe2\x80\x99Hare\n#travel #airlines https://t.co/FqueBBmuOS'
2018-10-30 08:58:37,b'The race to burn through as much battery/ data before the plane takes off begins. #travel #unitedairlines\xe2\x80\xa6 https://t.co/xNvoVlnJd2'
2018-10-30 07:22:07,b'RT @endaburke81: One from back in May is @united 737-9 on final for @flyLAXairport . Just passing the In-N-Out burger place (Which is blood\xe2\x80\xa6'
2018-10-30 06:55:52,b'One from back in May is @united 737-9 on final for @flyLAXairport . Just passing the In-N-Out burger place (Which i\xe2\x80\xa6 https://t.co/Qas5a7yLHa'
2018-10-30 06:13:18,b'Waiting at SFO Gate 65 for my flight to Houston - the fifth segment of my Singapore mileage run. \n#mileagerun\xe2\x80\xa6 https://t.co/7jSix08NSt'
2018-10-30 05:40:11,b'Relaxing in the United Club Lounge in SFO after my flight from Singapore. Waiting until boarding time to Houston to\xe2\x80\xa6 https://t.co/oiMBFk9QyN'
2018-10-30 05:35:32,b'So my luggage got stolen at the @united bag carousel today. I wasn\xe2\x80\x99t the only one. Why they won\xe2\x80\x99t shell out money t\xe2\x80\xa6 https://t.co/gUciuEkbB5'
2018-10-30 04:39:39,b'RT @KASchumacher: Congrats to the \xe2\x80\x9chardest working person in America\xe2\x80\x9d #BeingUnited #UnitedAirlines #Tahiti https://t.co/xQNDXIhkmy'
2018-10-30 04:39:07,b'RT @MandolinChick: Vintage United Air Lines DC-8 domestic safety card up for bid! https://t.co/ePQJNL6cQZ #avgeek #avgeekheaven #planespott\xe2\x80\xa6'
2018-10-30 04:29:38,b'Congrats to the \xe2\x80\x9chardest working person in America\xe2\x80\x9d #BeingUnited #UnitedAirlines #Tahiti https://t.co/xQNDXIhkmy'
2018-10-30 04:23:22,b'Vintage United Air Lines DC-8 domestic safety card up for bid! https://t.co/ePQJNL6cQZ #avgeek #avgeekheaven\xe2\x80\xa6 https://t.co/dk7Hg2FYTb'
2018-10-30 02:54:47,"b'TRUE STORY: On the flight home on Friday, there was a challenge with a guest sitting in front of me. Someone had a\xe2\x80\xa6 https://t.co/pqJFUglfpl'"
2018-10-30 01:48:30,b'thanks @United for breaking new my luggage and letting all my things fall out! hope you enjoy mine and my fianc\xc3\xa9\xe2\x80\x99s\xe2\x80\xa6 https://t.co/7kUCs5V4B2'
2018-10-29 22:42:01,"b'@united I\xe2\x80\x99m glad I got here 50 minutes before departure, I\xe2\x80\x99m not allowed to check in online or by myself, no one he\xe2\x80\xa6 https://t.co/NLLB2Ym3bW'"
2018-10-29 22:16:07,"b'RT @thejenhardy: A #disabled woman was forgotten, then abandoned by #UnitedAirlines staff at closing time last night.  \nAnd that woman was\xe2\x80\xa6'"
2018-10-29 21:48:13,b'Irregular Operations on United Airlines\n#phillipsloop\n#unitedairlines https://t.co/u9jTcpvTzR https://t.co/j6NGEvk9OL'
2018-10-29 21:20:46,"b'A convertible plane. Tempting, but I think I will pass. #plane #convertible #thirdplane #unitedairlines\xe2\x80\xa6 https://t.co/CofKOrOutN'"
2018-10-29 20:07:29,b'RT @crdgirl1: Flight to Chicago is delayed by 4 hours... thanks united.... inconsiderate towards travelers. #unitedAIRLINES'
2018-10-29 20:01:55,b'Flight to Chicago is delayed by 4 hours... thanks united.... inconsiderate towards travelers. #unitedAIRLINES'
2018-10-29 19:56:23,b'How do you lose the pilots to the flight they are supposed to be at 2 hours ago? Just #unitedairlines things.'
2018-10-29 19:46:37,b'These are @united seats = zero cushion whatsoever. How is this acceptable for a cross country flight @united?\xe2\x80\xa6 https://t.co/68zrtatdqY'
2018-10-29 19:36:06,b'A 48% markup on the same flight itinerary with no discernible benefit to the consumer seems preposterous. I thought\xe2\x80\xa6 https://t.co/wZU0MEyNIl'
2018-10-29 18:21:44,"b'A #disabled woman was forgotten, then abandoned by #UnitedAirlines staff at closing time last night.  \nAnd that wom\xe2\x80\xa6 https://t.co/wtRemnYvUn'"
2018-10-29 18:00:57,b'Not looking to bad for someone who barely slept on a 15 hour flight #arrivedinamerica #unitedairlines #nojetlag @ G\xe2\x80\xa6 https://t.co/SRDMGl8fmW'
2018-10-29 17:47:25,"b'Yet another crappy United experience... had to de-board the plane 2 times, once for cabin pressure issues and once\xe2\x80\xa6 https://t.co/V0AMwhL1pW'"
2018-10-29 17:25:32,b'One more reason I\xe2\x80\x99m never flying United again. The one time I had a long layover and wanted to chill before my next\xe2\x80\xa6 https://t.co/Anhwdl1agP'
2018-10-29 17:24:28,b'7 Best Tweets about the #UnitedAirlines Scandal https://t.co/aQLuAEoAc1'
2018-10-29 17:15:31,"b'RT @tachain6: Amazing last news from our potential partner - #UnitedAirlines Great video, guys.   #tachain #adnet #transportal #tmarq #Unit\xe2\x80\xa6'"
2018-10-29 16:51:41,b'More salt on the wounds from #UnitedAirlines   Finally took off and landed. But now sitting on the tarmac at SFO fo\xe2\x80\xa6 https://t.co/j8hz12m1jY'
2018-10-29 16:35:19,"b'According to @Boeing , the 737 MAX Series is the Fastest-Selling Plane in its history, and has accumulated almost 4\xe2\x80\xa6 https://t.co/sWmWF6RLvq'"
2018-10-29 16:24:46,"b'Traveling with my 3 y/o today, we were assigned separated seats. My experience:\n#UnitedAirlines: \xe2\x80\x9cIt\xe2\x80\x99s really not t\xe2\x80\xa6 https://t.co/nfqnBcrABN'"
2018-10-29 16:16:19,"b'RT @safigraphy: United Airlines Motto : \n\nBoard as Doctor , leave as PATIENT\n\n#unitedAIRLINES'"
2018-10-29 15:46:59,"b'3/ Lastly, to the flight attendant on @United (UA933) that upon arrival to DC accidently stomped on my foot the Thu\xe2\x80\xa6 https://t.co/ft6ZimJsJX'"
2018-10-29 15:46:40,"b'2/ To the people of DC (surrounding areas and in general the supportive crowd), you folks made all the difference.\xe2\x80\xa6 https://t.co/GxozZczr5F'"
2018-10-29 15:46:14,b'1/ Shout out to the @Marine_Marathon event and its staff. It was a spectacular event and now a treasured memory and\xe2\x80\xa6 https://t.co/bexaKUzucP'
2018-10-29 14:52:06,"b'RT @anniesalonen: This is #UnitedAirlines customer service. Flight was cancelled AFTER 3 delays, bc the flight crew didn\xe2\x80\x99t know they were g\xe2\x80\xa6'"
2018-10-29 14:50:51,"b'This is #UnitedAirlines customer service. Flight was cancelled AFTER 3 delays, bc the flight crew didn\xe2\x80\x99t know they\xe2\x80\xa6 https://t.co/BWf3y5TwsA'"
2018-10-29 14:40:34,b'#UnitedAirlines strikes again!  Sitting on the tarmac waiting on another broken plane. Hopefully my 2.5 hour layover will be enough.'
2018-10-29 14:13:13,b'Sooooo annoyed with #unitedAIRLINES right now!'
2018-10-29 13:53:20,"b'RT @gethinsinflight: We are the cat that got the cream, says United Airlines Bob Schumacher at #aoaconf18 - @united more profitable than ev\xe2\x80\xa6'"
2018-10-29 13:52:53,"b'We are the cat that got the cream, says United Airlines Bob Schumacher at #aoaconf18 - @united more profitable than\xe2\x80\xa6 https://t.co/tvZ91WQPlX'"
2018-10-29 13:50:17,"b'Boarded for the trip home. Looks like I am the only one in my row - not just my set of 3, but the whole row.\xe2\x80\xa6 https://t.co/NqpzDH1GHV'"
2018-10-29 13:38:47,b'A big shout out to #unitedAIRLINES this morning. We left this iPad Pro on a flight last weekend and it was delivere\xe2\x80\xa6 https://t.co/1n166DyF3O'
2018-10-29 13:17:03,"b'Amazing last news from our potential partner - #UnitedAirlines Great video, guys.   #tachain #adnet #transportal\xe2\x80\xa6 https://t.co/SRuvqoH2AR'"
2018-10-29 13:14:18,"b'When your favorite ""Science Guy"" is on the flight to Paris. Nice and funny. #billnuythescienceguy #billnuy\xe2\x80\xa6 https://t.co/koOJbCDUmd'"
2018-10-29 12:24:16,b'RT @AntonioDeRose1: On our way back home! See you soon Denver! \xf0\x9f\x91\x80 \n.\n.\n.\n.\n.\n.\n.\n.\n#travel #travellife #traveling #travelblogger #travelphot\xe2\x80\xa6'
2018-10-29 12:22:54,b'On our way back home! See you soon Denver! \xf0\x9f\x91\x80 \n.\n.\n.\n.\n.\n.\n.\n.\n#travel #travellife #traveling #travelblogger\xe2\x80\xa6 https://t.co/7zFP5G5jom'
2018-10-29 10:58:34,b'RT @birrlad: On departure out of @BrusselsAirport B777 @united in @staralliance livery N218UA #avgeek #boeing #b777 #Unitedairlines #StarAl\xe2\x80\xa6'
2018-10-29 10:46:53,b'RT @birrlad: On departure out of @BrusselsAirport B777 @united in @staralliance livery N218UA #avgeek #boeing #b777 #Unitedairlines #StarAl\xe2\x80\xa6'
2018-10-29 10:43:39,b'RT @birrlad: On departure out of @BrusselsAirport B777 @united in @staralliance livery N218UA #avgeek #boeing #b777 #Unitedairlines #StarAl\xe2\x80\xa6'
2018-10-29 09:32:01,b'RT @birrlad: On departure out of @BrusselsAirport B777 @united in @staralliance livery N218UA #avgeek #boeing #b777 #Unitedairlines #StarAl\xe2\x80\xa6'
2018-10-29 09:24:19,b'On departure out of @BrusselsAirport B777 @united in @staralliance livery N218UA #avgeek #boeing #b777\xe2\x80\xa6 https://t.co/FBUMhZ5DYz'
2018-10-29 06:33:39,"b'Sweet shot of the city, heading towards 30,000 feet cruising altitude. #unitedairlines #alwayssf #sanfrancisco https://t.co/0LYIGBTvwG'"
2018-10-29 05:21:33,b'About to hop over the pond again which will qualify me at 1k for the year with @united ...  it\xe2\x80\x99s been a good year!\xe2\x80\xa6 https://t.co/Sftiqx0dh4'
2018-10-29 04:30:05,b'#UnitedAirlines #PR #Disaster - #FashionUnited - Similarities and Differences \xc2\x85  KNOW MORE  - #Retweet https://t.co/3ajdr3XN9V'
2018-10-29 02:29:14,b'Great job United Airlines put us up and fed us all even though flight delay due to weather @united #unitedAIRLINES'
2018-10-29 02:07:16,b'#UnitedAirlines Thank you Tm \xe2\x9d\xa4\xef\xb8\x8f https://t.co/NVc4TNLJ4k'
2018-10-29 01:58:20,b'@united @ChicagoBears @fly2ohare Happy the bears made it..... meanwhile here in newark UA4314 delayed for the secon\xe2\x80\xa6 https://t.co/F7rfGAKGx0'
2018-10-29 01:53:56,b'#layover just enough time to get a #drink in and it\xe2\x80\x99s off to #virginiabeach #letsgo #unitedairlines #united @united\xe2\x80\xa6 https://t.co/bg64k0YwI4'
2018-10-29 00:55:03,b'#UnitedAirlines - What do they have in common with #Fashion? #MustRead https://t.co/3ajdr3XN9V https://t.co/S9uwdgmslO'
2018-10-29 00:46:31,b'RT @CThongklin: #N69059 flying the #DenverBroncos home after a 23-30 loss against the now 7-1 #KansasCityChiefs.  #GOCHIEFS\n\n#NFL #planespo\xe2\x80\xa6'
2018-10-29 00:35:45,b'RT @CThongklin: #N69059 flying the #DenverBroncos home after a 23-30 loss against the now 7-1 #KansasCityChiefs.  #GOCHIEFS\n\n#NFL #planespo\xe2\x80\xa6'
2018-10-29 00:21:59,b'About to jet set! #comingtoamerica #unitedairlines #adventuretime @ Sydney Airport https://t.co/ANAdlZg2tD'
2018-10-29 00:01:37,b'RT @CThongklin: #N69059 flying the #DenverBroncos home after a 23-30 loss against the now 7-1 #KansasCityChiefs.  #GOCHIEFS\n\n#NFL #planespo\xe2\x80\xa6'
2018-10-28 23:53:15,b'#N69059 flying the #DenverBroncos home after a 23-30 loss against the now 7-1 #KansasCityChiefs.  #GOCHIEFS\n\n#NFL\xe2\x80\xa6 https://t.co/mR7332wzz7'
2018-10-28 23:49:14,b'RT @UnitedFlyerHD: United B737 Max 9 (N27503) decelerates on Houston IAH 8R\n(1/10 sec shutter speed)\n#avgeek #boeing #boeing737 #max9 #Unit\xe2\x80\xa6'
2018-10-28 23:47:01,b'#UnitedAirlines so we wait 2 hours for the plane to show up. It does. Then there is no pilot? Cmon. You had 2 hours!!!'
2018-10-28 23:31:57,b'In flight meals were pretty good on UA1 from SFO to SIN. \n#mileagerun #united #unitedairlines #planefood\xe2\x80\xa6 https://t.co/NmerYq0SGZ'
2018-10-28 23:09:51,b'RT @ordgirl87: It never gets old \xf0\x9f\x8c\xa4\xe2\x9c\x88\xef\xb8\x8f@weareunited @fly2ohare #UnitedAirlines @AnaAcevesGarci1 @mcgrath_jonna @rickvual @MikeHannaUAL @MikeCk\xe2\x80\xa6'
2018-10-28 22:58:06,b'Does @united airlines even train their crew to be hospitable? #unitedairlines #airline'
2018-10-28 22:48:22,b'RT @UnitedFlyerHD: United B737 Max 9 (N27503) decelerates on Houston IAH 8R\n(1/10 sec shutter speed)\n#avgeek #boeing #boeing737 #max9 #Unit\xe2\x80\xa6'
2018-10-28 22:31:38,b'RT @UnitedFlyerHD: United B737 Max 9 (N27503) decelerates on Houston IAH 8R\n(1/10 sec shutter speed)\n#avgeek #boeing #boeing737 #max9 #Unit\xe2\x80\xa6'
2018-10-28 22:31:00,b'RT @UnitedFlyerHD: United B737 Max 9 (N27503) decelerates on Houston IAH 8R\n(1/10 sec shutter speed)\n#avgeek #boeing #boeing737 #max9 #Unit\xe2\x80\xa6'
2018-10-28 22:22:23,b'Delicious #eggsbenedict with #duck in the #unitedairlines #polarislounge in #newarklibertyinternationalairport yum!\xe2\x80\xa6 https://t.co/Dj087Fz8sK'
2018-10-28 21:27:45,"b""Thank goodness they're finally admitting everything, though I didn't see anything about the secret missile silos I'\xe2\x80\xa6 https://t.co/wkJchI00ZU"""
2018-10-28 21:21:28,"b'If you like getting left behind, be sure to fly @united ! They let their planes leave before the time specified on\xe2\x80\xa6 https://t.co/JzHY4W9IBC'"
2018-10-28 20:32:15,"b'United Airlines - ur system of preparation &amp; communication is broken, however Terry in your call center in Chicago\xe2\x80\xa6 https://t.co/HkPQZprLWu'"
2018-10-28 19:59:10,b'@united What\xe2\x80\x99s the excuse for Friday. The problem stil lies with you and how we are taken care of to get from SFO t\xe2\x80\xa6 https://t.co/zeLekUjrhg'
2018-10-28 19:44:57,b'Off to China \xf0\x9f\x87\xa8\xf0\x9f\x87\xb3 for a biz trip. At least Pal is all settled in with the newspaper and laptop to work. #longflight\xe2\x80\xa6 https://t.co/kZsrAWFWto'
